Mois;Ain 01;Aisne 02;Allier 03;Alpes-de-Haute-Provence 04;Alpes-Maritimes 06;Ardèche 07;Ardennes 08;Ariège 09;Aube 10;Aude 11;Aveyron 12;Bas-Rhin 67;Bouches-du-Rhône 13;Calvados 14;Cantal 15;Charente 16;Charente-Maritime 17;Cher 18;Corrèze 19;Corse-du-Sud 2A;Côte-d'Or 21;Côtes-d'Armor 22;Creuse 23;Deux-Sèvres 79;Dordogne 24;Doubs 25;Drôme 26;Essonne 91;Eure 27;Eure-et-Loir 28;Finistère 29;Gard 30;Gers 32;Gironde 33;Guadeloupe 971;Guyane 973;Haut-Rhin 68;Haute-Corse 2B;Haute-Garonne 31;Haute-Loire 43;Haute-Marne 52;Haute-Saône 70;Haute-Savoie 74;Haute-Vienne 87;Hautes-Alpes 05;Hautes-Pyrénées 65;Hauts-de-Seine 92;Hérault 34;Ille-et-Vilaine 35;Indre 36;Indre-et-Loire 37;Isère 38;Jura 39;La Réunion 974;Landes 40;Loir-et-Cher 41;Loire 42;Loire-Atlantique 44;Loiret 45;Lot 46;Lot-et-Garonne 47;Lozère 48;Maine-et-Loire 49;Manche 50;Marne 51;Martinique 972;Mayenne 53;Mayotte 976;Meurthe-et-Moselle 54;Meuse 55;Morbihan 56;Moselle 57;Nièvre 58;Nord 59;Oise 60;Orne 61;Paris 75;Pas-de-Calais 62;Puy-de-Dôme 63;Pyrénées-Atlantiques 64;Pyrénées-Orientales 66;Rhône 69;Saône-et-Loire 71;Sarthe 72;Savoie 73;Seine-et-Marne 77;Seine-Maritime 76;Seine-Saint-Denis 93;Somme 80;Tarn 81;Tarn-et-Garonne 82;Territoire de Belfort 90;Val-d'Oise 95;Val-de-Marne 94;Var 83;Vaucluse 84;Vendée 85;Vienne 86;Vosges 88;Yonne 89;Yvelines 78;Total
janv-15;350;580;370;160;1 040;200;440;130;410;410;190;570;1 770;720;110;210;420;280;140;90;310;520;70;220;310;330;420;610;410;310;730;700;180;1 190;160;90;500;130;1 160;200;260;170;400;280;140;250;630;1 430;880;190;590;670;140;350;190;220;500;960;540;130;190;80;680;440;640;600;200;50;320;80;710;400;150;2 370;710;300;980;1 440;660;560;440;1 090;340;370;240;720;1 290;930;530;480;320;90;600;680;890;550;340;330;210;240;740;49 050
févr-15;270;430;270;160;910;180;350;110;410;360;200;800;1 410;510;100;210;450;190;170;80;220;520;100;190;200;310;420;430;400;220;630;580;110;1 020;140;40;630;80;910;170;190;100;340;240;100;120;470;1 220;720;130;340;710;140;570;250;210;440;680;310;120;200;50;490;370;480;260;170;50;360;100;570;510;120;2 120;670;180;680;1 190;440;410;470;830;310;370;190;460;820;690;520;260;200;100;540;470;860;400;220;300;230;160;520;40 570
mars-15;390;600;400;180;870;320;350;150;550;560;280;990;1 770;670;150;190;450;380;190;160;360;630;140;270;480;410;570;640;520;310;870;970;170;1 250;180;80;770;140;1 150;300;280;220;450;360;180;140;740;1 370;910;200;630;770;190;1 080;410;310;570;880;410;170;270;70;630;470;630;420;200;40;420;160;710;460;120;2 660;820;290;870;1 350;720;650;630;980;360;540;240;770;1 100;1 070;520;360;290;90;640;770;870;590;340;330;300;230;740;53 720
avr-15;240;450;290;120;650;150;300;120;320;380;190;870;1 150;650;120;240;340;220;100;30;250;450;50;240;310;410;320;490;310;340;660;590;150;950;200;70;730;50;910;130;250;170;230;210;150;120;520;1 060;630;110;450;610;150;530;220;210;430;650;370;70;210;30;410;390;520;320;90;40;410;120;510;460;110;2 300;560;210;750;1 190;470;470;490;670;240;290;140;580;690;940;400;300;260;110;590;550;520;400;300;240;220;130;570;39 830
mai-15;200;440;220;90;380;130;200;100;200;250;130;440;1 060;500;50;140;170;170;110;20;180;200;40;130;190;220;260;350;240;160;400;430;60;810;120;100;400;20;730;120;80;120;260;110;100;110;470;700;380;110;270;480;90;520;160;170;340;340;240;120;130;50;300;300;250;250;80;20;220;70;280;270;110;1 710;470;200;650;840;360;340;270;520;210;210;140;440;570;840;420;200;130;60;470;530;380;270;130;160;170;140;450;28 870
juin-15;230;270;240;130;420;130;200;50;270;310;150;730;1 120;520;80;140;270;180;80;20;200;250;40;170;260;260;330;530;270;180;430;590;60;1 070;690;160;500;20;730;90;130;140;250;190;60;70;570;890;510;110;210;690;110;800;170;230;390;370;250;90;180;50;330;320;330;320;40;70;230;150;300;390;70;1 970;360;250;850;1 100;430;430;310;900;160;270;180;720;780;1 010;390;210;160;70;510;640;470;340;170;160;140;150;600;35 090
juil-15;100;120;60;50;210;50;90;40;120;130;50;180;550;190;50;50;70;40;40;10;110;90;20;60;100;140;150;210;90;50;130;230;50;440;130;60;170;10;350;50;50;50;80;100;50;90;210;370;170;30;70;230;50;390;100;50;180;260;170;40;70;20;160;170;120;160;30;10;140;40;120;190;40;980;190;80;380;400;210;180;130;350;90;100;60;220;210;360;160;130;50;50;210;280;150;120;90;90;60;60;220;14 450
août-15;110;160;100;60;350;60;130;70;120;240;130;340;780;400;50;120;220;120;80;10;160;240;80;190;220;210;200;210;180;150;280;400;70;710;160;130;210;20;530;100;60;70;220;160;60;130;170;650;450;100;210;460;70;580;170;100;280;450;310;40;110;20;260;350;220;150;90;60;310;60;320;480;60;1 080;160;170;340;610;250;290;250;590;160;230;130;390;530;440;120;170;100;60;250;250;280;260;260;190;180;180;210;23 410
sept-15;800;760;590;320;1 580;610;690;260;550;810;510;1 500;3 350;1 110;290;320;580;570;400;220;760;1 070;210;400;700;960;950;960;780;650;1 880;1 460;290;2 630;540;210;1 170;220;2 320;550;300;360;810;660;290;370;870;2 250;1 940;390;960;1 890;410;1 320;650;540;1 330;2 520;1 060;340;510;150;1 540;700;870;750;600;80;970;300;1 330;1 240;260;4 440;960;450;1 590;1 940;1 010;1 170;990;2 710;670;1 040;590;1 190;2 110;1 310;800;750;500;340;980;1 070;1 630;950;1 200;510;470;310;990;95 680
oct-15;380;490;380;300;990;340;340;130;530;460;230;1 060;2 310;710;120;160;380;310;120;110;510;510;80;200;400;540;590;540;750;280;820;780;170;1 680;480;170;1 160;110;1 360;230;270;330;550;310;230;260;530;1 430;930;280;450;920;290;890;320;290;710;1 290;590;130;410;60;870;400;830;310;300;40;640;200;760;740;140;2 800;680;210;990;1 260;730;760;600;1 430;400;550;280;610;1 570;840;530;380;260;200;670;560;1 190;620;520;180;320;300;520;57 820
nov-15;300;670;310;240;1 190;240;360;180;400;460;250;1 090;1 820;630;80;180;320;190;210;260;410;480;60;240;350;570;490;590;470;310;690;960;130;1 530;340;150;1 220;200;1 360;210;310;180;390;330;170;200;570;1 340;730;190;330;850;280;1 200;360;260;610;1 060;510;140;300;80;670;360;840;390;200;50;540;210;630;800;130;2 420;580;180;990;1 350;490;570;530;1 140;310;570;340;660;1 100;800;610;350;220;150;620;590;860;590;480;190;410;170;610;53 170
déc-15;190;330;120;90;470;110;120;110;240;190;110;700;960;340;40;60;180;90;70;90;190;250;20;100;150;280;280;320;210;140;480;430;60;740;740;70;590;80;600;120;60;100;180;140;80;110;300;800;430;90;220;370;120;1 010;140;110;330;420;260;60;110;40;290;180;400;210;80;30;380;90;330;390;70;1 010;380;100;350;590;320;290;340;560;200;250;100;360;480;380;380;240;100;80;290;260;500;290;240;80;160;120;290;27 120
janv-16;280;470;390;140;810;230;480;130;500;530;250;1 020;1 870;910;120;350;680;340;200;110;420;550;70;300;310;450;440;650;410;470;730;1 020;180;1 580;370;140;910;150;1 550;210;340;200;410;250;200;290;680;1 610;750;210;640;880;210;420;330;290;660;1 240;870;140;230;90;870;530;900;390;220;40;550;150;620;770;160;2 290;600;290;910;1 350;750;650;760;1 060;390;470;310;790;1 000;880;490;540;360;170;670;740;820;660;620;360;440;300;660;56 130
févr-16;370;540;280;170;910;260;440;180;470;480;260;1 110;1 950;700;90;340;510;300;130;100;350;520;80;320;290;480;650;570;470;370;750;860;140;1 140;280;80;830;130;1 550;210;340;130;500;340;90;250;570;1 490;810;240;560;870;190;970;290;290;730;1 290;530;200;200;50;630;390;760;310;240;40;430;110;650;730;180;2 210;780;250;1 030;1 220;610;480;650;1 170;390;500;290;640;1 080;990;490;460;280;200;740;660;1 100;590;430;460;330;320;580;53 960
mars-16;410;580;400;240;1 040;290;370;260;550;600;380;1 170;2 040;620;90;360;560;240;160;140;390;640;100;330;520;650;570;660;550;300;830;960;180;1 900;360;110;980;120;1 690;260;300;230;560;250;150;260;640;1 710;950;250;510;950;240;1 400;500;300;660;940;510;190;300;80;620;340;640;380;250;90;530;180;690;690;160;1 910;770;260;1 040;1 130;630;760;800;1 140;390;550;330;680;1 100;1 130;600;540;350;180;770;690;930;600;440;400;320;320;730;58 480
avr-16;350;550;350;190;1 180;270;460;250;470;450;270;1 420;2 400;850;160;420;760;260;220;100;390;700;100;390;420;880;550;640;570;520;850;950;170;1 660;370;210;1 050;150;1 600;260;280;380;480;270;150;300;800;1 810;1 130;320;680;1 010;270;1 740;370;330;730;970;580;230;310;50;500;430;810;390;120;60;570;150;730;980;120;2 730;920;270;1 080;1 710;600;680;570;1 100;390;410;300;800;1 070;1 340;710;500;400;240;720;810;1 130;940;540;360;410;270;680;63 460
mai-16;400;600;340;170;1 160;300;390;230;730;570;220;1 460;2 640;830;170;440;750;290;250;140;430;650;100;410;410;870;590;950;550;350;960;1 110;160;1 660;400;210;1 060;90;1 750;280;240;330;740;290;240;290;1 040;1 950;940;240;510;1 090;320;1 710;450;390;840;710;560;210;290;70;540;530;1 220;460;140;80;1 110;310;750;1 530;350;3 780;830;400;1 310;2 090;650;800;650;1 380;500;490;440;830;1 480;1 880;620;490;410;240;1 060;1 040;1 090;850;460;490;590;430;690;71 470
juin-16;470;590;400;170;1 110;310;450;190;550;500;190;1 310;2 680;790;130;400;530;310;150;110;480;550;60;320;310;650;640;1 280;550;330;850;960;190;1 420;490;180;1 000;110;1 220;200;230;270;490;240;200;210;1 130;1 530;940;200;600;1 070;250;1 570;390;320;590;1 030;690;180;240;40;1 090;380;950;560;190;160;1 380;330;700;1 870;310;4 060;780;290;1 500;1 880;700;670;500;1 450;800;440;490;1 320;1 550;2 030;730;300;260;160;1 140;1 340;1 150;750;500;320;660;470;1 120;70 760
juil-16;280;310;210;60;400;170;90;110;200;220;80;580;1 140;360;80;180;320;120;60;20;240;180;30;140;150;340;380;610;280;140;370;350;90;850;190;140;420;20;760;100;90;130;330;130;60;140;580;500;380;110;200;700;80;620;240;120;310;420;260;50;170;20;180;220;240;360;70;40;370;90;250;540;170;2 540;380;190;990;1 000;330;330;220;930;260;220;260;740;600;1 190;280;230;210;100;600;680;650;310;160;170;290;170;780;33 630
août-16;240;230;140;100;590;160;160;100;140;250;110;440;1 290;470;50;220;400;210;110;10;310;280;90;300;270;310;380;550;340;180;480;380;100;850;330;150;420;10;750;130;60;80;450;250;60;170;620;600;520;140;490;730;130;910;270;210;440;470;420;60;180;20;310;380;270;190;90;140;500;140;360;770;180;2 500;360;270;890;1 430;280;400;160;970;260;320;260;450;990;790;250;210;120;110;520;420;540;480;230;320;290;200;640;37 220
sept-16;1 210;1 370;850;430;2 240;1 070;810;550;890;1 210;740;3 010;5 920;1 760;260;1 000;1 340;800;500;250;1 250;1 520;290;910;880;1 740;1 730;2 500;1 300;830;2 450;2 210;400;3 730;960;260;2 020;310;3 760;660;410;650;1 690;730;380;710;2 580;3 320;2 700;610;1 500;2 780;650;880;940;730;2 140;3 060;1 510;450;710;200;1 880;960;1 140;1 270;660;240;1 860;430;1 810;2 410;410;8 510;1 880;720;4 070;4 300;1 510;1 640;1 170;4 200;1 230;1 220;1 170;2 740;3 670;3 940;1 520;1 070;880;460;3 200;2 620;2 790;1 560;1 430;980;950;740;2 890;161 330
oct-16;830;940;680;400;1 750;780;630;470;720;720;410;2 080;4 460;1 120;190;590;940;390;260;200;1 050;950;200;560;780;1 350;1 330;1 380;1 220;550;1 360;1 450;400;2 400;890;470;1 620;290;2 530;400;410;490;1 320;520;400;440;1 610;2 610;1 610;420;1 090;1 750;480;570;740;520;1 540;1 770;950;310;530;90;1 080;590;1 250;1 340;370;80;1 370;340;1 070;2 160;300;5 280;1 030;440;2 980;2 970;1 230;1 310;1 040;2 920;990;940;840;1 800;2 830;3 000;1 010;710;540;320;1 910;1 710;2 230;1 240;820;540;720;690;1 830;113 710
nov-16;1 000;710;720;330;2 110;790;570;430;660;920;420;1 590;3 560;1 270;160;570;890;310;320;290;790;900;180;420;700;860;1 300;1 210;1 180;540;1 290;1 310;290;2 330;700;290;1 400;270;2 280;380;360;360;1 390;420;290;620;1 500;2 080;1 350;190;710;2 230;400;1 740;660;380;1 790;2 130;750;270;390;90;1 680;600;1 150;1 050;420;80;1 110;320;1 040;1 630;310;3 590;980;500;2 310;2 250;1 240;1 140;990;3 300;760;850;840;1 370;2 620;2 490;830;740;450;270;1 520;1 340;2 000;1 130;820;560;770;530;1 600;103 520
déc-16;570;550;510;130;950;660;240;340;240;460;200;460;1 790;900;90;330;510;270;180;270;220;540;50;260;390;240;1 110;860;740;340;720;960;170;1 320;790;270;430;160;1 430;260;150;90;1 170;270;90;260;1 120;1 530;740;160;390;1 720;150;1 560;380;270;1 690;1 570;710;200;230;50;1 140;460;470;1 000;210;110;630;190;710;920;180;2 930;620;280;1 380;1 860;980;550;490;2 570;320;540;470;920;1 580;2 010;540;490;390;80;710;1 100;840;540;500;310;420;240;820;65 850
janv-17;580;500;410;250;1 620;430;530;240;660;630;330;1 070;3 050;1 140;150;630;780;230;300;160;430;850;150;530;480;480;830;1 040;660;430;1 120;1 340;240;1 930;470;160;1 000;220;2 040;290;380;230;810;380;210;460;1 230;2 070;1 210;210;660;1 350;210;840;580;240;880;2 100;580;180;460;120;1 060;840;940;550;300;60;550;190;840;1 030;220;2 430;530;450;2 310;1 400;820;1 050;990;1 880;500;730;510;1 200;1 980;2 100;420;690;510;90;950;950;1 310;1 070;910;690;380;330;1 130;78 640
févr-17;400;460;370;200;1 330;320;340;280;440;560;270;740;2 160;900;90;350;580;240;200;140;320;690;90;260;370;340;610;740;740;320;880;1 020;200;1 390;580;100;680;100;2 090;240;200;240;430;260;180;370;860;1 780;1 040;230;580;1 040;210;310;300;220;670;1 150;570;220;290;60;680;480;650;340;190;130;480;130;710;710;160;2 180;510;320;1 420;1 200;640;690;700;1 610;450;550;320;900;1 680;1 350;400;460;420;130;780;730;1 130;680;520;430;230;310;740;59 410
mars-17;480;510;460;200;940;280;450;170;590;650;280;1 140;1 930;840;100;380;630;280;260;190;240;650;170;340;440;470;620;640;590;450;870;1 140;260;1 790;410;100;900;150;2 120;240;350;190;450;310;120;350;710;1 670;1 140;260;690;1 050;220;280;460;310;680;1 370;410;230;390;70;730;510;820;500;300;140;820;230;790;1 030;110;2 390;680;220;1 290;1 340;730;810;740;1 540;330;740;260;740;1 510;1 050;560;620;470;160;680;570;860;570;500;490;420;260;560;62 110
avr-17;200;760;460;180;680;120;290;250;360;550;250;800;1 510;660;110;270;530;320;110;130;240;620;70;230;450;290;250;460;510;340;880;750;200;1 290;180;50;520;120;1 540;180;200;170;230;320;170;270;570;1 400;1 150;210;600;720;150;890;380;320;450;1 180;480;140;350;40;680;390;470;490;140;170;710;250;750;1 300;140;3 030;840;210;1 020;1 760;520;680;700;1 090;300;480;150;770;1 060;870;550;460;440;100;600;510;710;480;560;340;420;210;540;52 930
mai-17;250;630;350;150;700;130;240;170;260;500;220;490;1 680;620;120;300;490;230;260;70;300;730;130;300;370;400;280;540;300;400;910;780;120;1 170;160;100;530;70;1 430;150;100;120;270;340;170;320;500;1 430;1 050;210;520;690;150;1 350;360;230;580;740;470;120;250;60;440;360;510;490;170;140;430;100;820;780;120;3 460;580;210;1 060;1 890;370;620;430;960;380;300;170;830;870;970;630;420;240;110;820;510;580;340;360;430;160;220;500;49 770
juin-17;220;460;320;100;770;180;280;120;240;390;210;480;1 210;490;60;270;400;210;180;50;300;290;80;240;220;490;330;500;220;280;580;650;120;840;460;170;470;40;1 130;120;60;180;470;290;50;150;490;1 040;660;240;510;670;150;2 580;220;300;660;660;680;90;180;20;440;240;240;520;120;170;360;160;460;520;100;3 150;530;180;940;1 810;380;440;390;870;320;360;160;650;500;940;510;290;230;150;870;370;620;260;280;260;260;250;510;44 270
juil-17;140;190;150;40;220;60;90;40;90;180;70;270;600;220;30;70;210;50;70;10;150;150;20;90;100;230;120;410;120;110;270;230;50;500;130;50;250;10;420;50;30;70;180;90;30;90;320;490;220;80;210;400;70;510;100;100;330;340;320;50;120;10;200;210;140;150;80;40;290;80;210;360;50;830;210;80;680;640;170;230;170;600;220;150;120;410;360;450;230;120;110;80;350;260;260;160;130;90;170;140;330;19 920
août-17;190;150;110;110;250;110;150;70;60;160;100;210;640;180;20;210;350;140;80;20;150;230;70;170;210;170;200;200;140;120;220;280;70;580;80;50;130;10;410;60;20;110;280;180;60;90;230;430;400;120;330;370;80;900;150;190;270;300;340;30;180;10;210;160;90;190;80;30;220;70;240;370;40;770;220;80;370;450;150;360;100;770;170;130;120;240;410;320;220;140;120;40;270;200;220;250;130;220;170;120;160;20 540
sept-17;770;660;650;290;1 300;560;440;350;550;960;530;1 640;3 470;1 230;250;460;950;570;450;170;860;1 370;190;570;590;1 230;840;1 190;900;850;2 250;1 590;300;2 570;350;230;1 070;200;2 910;570;340;530;930;770;240;590;1 150;2 660;2 360;430;1 270;2 060;490;1 600;570;510;1 430;2 420;1 140;350;500;150;1 580;790;890;550;540;100;1 210;300;1 660;1 480;360;4 680;890;570;1 960;2 360;1 170;1 080;990;2 900;990;1 040;640;1 430;2 430;1 610;800;910;690;370;1 240;1 180;1 870;970;1 290;660;600;440;1 160;105 640
oct-17;390;730;400;330;1 390;300;340;220;510;620;420;1 150;3 060;780;150;330;710;370;270;200;690;980;130;340;670;720;630;970;780;620;1 360;1 220;240;2 050;350;270;880;200;2 060;280;220;380;620;370;260;320;980;2 150;1 420;270;860;1 320;350;1 400;520;420;1 020;1 560;840;180;380;90;1 040;500;790;570;280;80;780;250;1 170;1 360;210;4 900;1 020;430;1 740;2 330;750;970;900;1 750;670;820;420;1 050;1 960;1 690;660;530;550;170;980;990;1 390;890;750;430;470;400;870;81 470
nov-17;530;740;380;260;1 210;420;290;280;380;660;300;1 100;2 570;820;80;360;770;270;290;180;340;730;90;280;470;380;660;1 000;890;390;1 060;1 150;270;2 040;600;210;800;190;1 940;200;260;210;760;460;300;420;940;1 870;1 180;280;640;1 140;240;1 090;460;340;970;1 730;750;270;310;90;1 060;470;650;540;240;110;620;140;1 060;1 000;140;4 250;950;410;1 510;2 560;630;820;770;1 740;360;560;540;1 130;1 700;1 520;870;600;320;100;1 170;960;1 490;780;940;370;370;260;850;74 820
déc-17;570;440;430;120;870;670;410;190;250;480;200;1 020;1 740;480;110;260;450;160;110;200;150;690;70;350;390;130;880;720;910;220;880;840;80;1 080;820;30;750;170;1 160;150;140;90;850;220;100;140;760;1 400;710;170;360;890;110;590;410;260;790;1 100;620;140;250;50;970;300;460;550;150;110;430;190;680;790;70;2 360;530;170;1 050;1 350;560;540;600;1 690;220;330;430;880;1 670;1 440;630;400;310;50;990;680;830;540;400;320;250;110;580;54 380
janv-18;410;470;320;140;980;200;180;270;290;620;280;690;2 150;810;80;360;850;350;280;220;380;750;120;340;470;360;340;720;490;410;1 090;1 160;220;1 850;700;200;670;270;1 940;160;130;170;410;430;130;430;730;1 920;1 260;270;780;840;170;470;450;310;640;1 400;750;170;290;120;810;500;340;640;210;10;510;90;840;600;90;2 980;510;350;1 310;1 800;620;1 000;910;1 460;410;530;330;790;1 480;1 200;490;570;430;90;740;810;1 070;800;720;590;230;160;700;62 550
févr-18;330;400;230;260;1 060;200;370;220;350;470;240;860;2 160;650;80;250;620;380;220;110;290;570;80;250;430;360;340;580;550;470;970;1 010;170;1 530;490;120;790;160;1 380;180;200;180;330;300;160;240;580;1 560;850;240;630;640;200;900;430;220;460;1 060;630;200;290;40;750;400;610;550;240;10;580;170;800;1 040;170;2 550;670;240;950;1 440;460;670;640;1 130;420;520;150;640;1 280;840;470;460;240;140;610;650;1 080;610;560;390;370;220;530;54 760
mars-18;300;340;290;230;1 020;240;290;200;430;670;320;1 010;2 010;810;70;320;610;320;230;200;430;590;130;320;410;460;430;670;490;490;880;1 140;200;1 630;540;120;650;170;1 560;180;220;270;350;390;170;250;760;1 660;990;190;850;710;290;800;410;280;430;1 100;470;250;320;70;750;570;590;530;280;0;590;230;730;840;170;2 270;490;360;1 300;1 210;490;680;780;1 240;390;530;180;780;1 350;920;280;540;410;180;770;670;900;600;600;410;370;410;680;57 670
avr-18;310;460;250;200;970;200;240;190;330;450;180;790;1 860;740;90;220;640;300;240;240;380;590;150;290;370;330;390;750;460;420;1 030;940;190;1 390;640;200;810;150;1 590;180;180;240;430;330;170;250;670;1 500;930;260;640;770;220;1 070;330;310;560;1 270;740;180;290;50;680;490;480;470;210;20;550;200;800;960;160;2 660;590;290;1 160;1 450;400;570;550;1 310;460;430;180;710;1 280;1 080;420;380;370;100;640;590;780;610;550;300;420;270;520;55 620
mai-18;240;570;190;160;630;180;210;240;240;400;240;630;1 470;720;50;200;390;180;160;90;320;630;80;240;240;340;370;620;320;340;740;770;160;1 090;550;270;550;90;1 280;120;110;160;390;210;200;220;620;1 370;970;240;460;670;160;1 040;230;210;490;770;460;160;180;40;660;400;410;400;140;10;440;130;580;650;130;2 060;510;220;990;1 260;330;510;460;940;370;440;190;810;1 010;850;470;400;280;90;620;480;720;370;400;270;170;220;490;45 550
juin-18;390;390;240;120;770;230;190;150;220;370;190;650;1 700;580;70;180;370;140;130;60;300;460;70;190;270;210;430;610;360;220;500;630;130;900;410;350;430;50;1 220;130;80;130;620;220;70;170;650;1 100;780;140;390;840;160;820;250;240;900;830;460;100;210;20;550;350;350;540;180;130;390;140;440;640;110;2 130;530;170;1 010;1 110;420;470;390;1 030;310;420;200;700;780;970;470;340;220;70;650;480;660;420;380;270;300;220;480;43 540
juil-18;250;300;170;50;250;150;130;70;110;220;100;370;640;350;30;70;250;90;80;30;160;160;30;140;130;170;310;500;210;170;320;400;90;580;320;130;220;40;620;70;40;110;230;140;50;170;420;590;290;80;180;350;60;960;130;80;390;650;310;60;130;20;350;250;180;590;130;230;330;90;280;480;50;1 390;290;100;770;660;250;230;220;740;140;330;240;450;580;710;210;130;170;80;490;360;340;200;230;160;200;110;410;26 980
août-18;200;470;100;60;290;140;100;80;70;200;90;260;570;230;30;140;250;80;80;10;160;220;80;170;160;110;230;310;160;120;280;300;60;510;160;130;250;20;410;100;40;90;230;240;40;120;240;430;420;100;200;330;60;1 350;170;150;270;460;380;60;120;10;280;220;130;290;80;220;290;70;190;410;60;1 920;510;70;450;1 370;170;260;140;730;120;200;160;240;460;410;260;180;120;30;300;260;210;180;170;200;150;70;240;24 690
sept-18;920;750;610;320;1 590;660;540;460;650;1 090;560;1 840;3 700;1 290;220;510;1 000;630;450;190;1 080;1 470;200;610;790;1 260;1 050;1 560;1 020;840;2 210;1 990;340;2 930;760;360;1 300;290;3 300;550;310;550;1 370;700;220;590;1 310;2 940;2 500;550;1 500;2 130;480;2 080;610;580;1 560;2 930;1 330;410;520;180;1 890;790;1 150;890;570;200;1 440;460;1 750;2 170;340;4 730;980;620;1 790;2 510;1 160;1 260;1 120;3 350;1 010;1 150;850;1 810;2 590;1 870;910;940;710;340;1 340;1 260;1 720;1 110;1 390;680;740;700;1 390;118 820
oct-18;750;740;580;210;1 400;640;480;270;440;610;370;1 360;3 230;1 030;210;370;790;430;260;210;700;950;140;420;530;790;920;1 180;830;580;1 280;1 450;240;2 390;880;370;1 230;210;2 070;430;310;410;1 040;540;260;320;1 200;2 440;1 580;390;900;1 380;330;1 940;600;500;1 080;1 970;1 030;190;520;90;1 470;690;1 040;730;360;300;1 040;240;1 160;1 510;250;4 420;1 040;310;1 910;2 510;920;950;970;2 680;820;1 070;670;1 380;2 160;1 930;900;650;460;230;1 270;1 200;1 540;990;950;440;560;380;1 100;94 130
nov-18;810;830;500;230;1 190;560;260;240;430;530;360;990;2 350;860;140;320;800;300;230;230;530;810;170;270;550;550;870;1 330;680;520;1 060;1 250;200;1 600;660;300;960;160;2 000;360;190;330;1 070;350;310;380;1 170;1 720;1 220;340;820;1 460;260;1 040;490;320;1 260;1 410;800;240;350;80;1 180;590;750;770;300;180;770;210;940;1 080;160;3 900;950;260;1 840;2 200;900;850;820;2 140;530;730;710;1 460;1 480;1 920;780;490;420;160;1 130;1 150;1 430;780;690;470;470;330;1 060;79 540
déc-18;650;1 050;370;170;970;590;280;130;360;510;220;1 130;1 650;460;60;440;670;140;300;230;410;530;110;480;450;410;870;970;440;310;670;860;160;1 710;560;140;620;210;1 420;250;150;160;510;400;140;230;850;1 670;780;160;460;1 110;130;1 120;390;240;1 060;1 080;510;160;330;50;870;300;520;740;220;200;630;100;520;980;150;3 780;930;150;1 280;2 100;820;830;580;1 970;350;500;410;1 060;920;1 380;1 010;360;270;170;1 080;900;920;510;470;470;370;290;800;63 530
janv-19;530;320;260;150;720;280;310;180;320;380;200;1 000;1 840;900;90;340;740;350;220;150;400;540;120;340;500;520;510;900;430;390;770;700;190;1 690;630;190;750;200;1 520;170;170;190;510;320;100;310;890;1 280;880;260;660;920;170;410;430;310;710;1 500;750;190;250;70;890;430;460;430;290;40;530;150;610;620;130;2 490;520;460;1 390;1 220;530;820;480;1 470;440;720;370;1 120;1 400;1 270;490;490;400;130;770;830;900;670;780;510;370;220;900;58 700
févr-19;530;550;310;140;920;360;350;130;420;430;210;1 000;1 830;700;80;240;490;360;250;80;460;610;130;230;420;410;620;790;560;520;940;780;160;1 200;440;290;780;120;1 320;220;220;220;540;410;90;260;860;1 230;920;280;680;1 100;220;730;380;380;960;1 320;820;110;290;60;840;460;650;530;250;50;670;230;790;1 010;160;3 040;580;230;1 210;1 680;510;690;610;1 600;490;670;320;930;1 470;1 330;560;410;240;150;760;810;1 000;620;610;300;340;280;710;60 190
mars-19;700;650;440;190;1 110;460;330;150;570;450;320;1 260;2 030;890;110;380;710;390;220;220;410;720;90;310;410;530;900;1 030;730;430;960;1 030;180;1 370;380;350;900;190;1 610;450;280;290;820;360;120;270;900;1 550;1 010;230;800;1 400;290;1 100;410;290;1 140;1 420;720;250;330;40;950;410;750;660;340;90;850;200;790;1 210;190;3 400;1 050;260;1 470;1 960;660;710;620;2 160;550;640;610;1 230;1 560;1 350;750;550;360;200;920;920;1 020;790;720;370;570;400;1 000;71 770
avr-19;730;770;400;190;1 170;400;410;210;470;580;260;1 380;2 100;850;120;250;680;460;200;120;480;650;70;290;420;590;810;1 000;610;560;970;960;180;1 650;380;370;1 080;210;1 710;320;250;310;790;310;220;300;950;1 800;1 060;360;970;1 300;240;1 110;420;450;1 030;1 600;810;210;310;50;920;520;690;570;260;220;960;310;830;1 350;180;3 860;960;280;1 460;2 230;670;730;820;1 990;530;740;470;1 090;1 480;1 590;830;610;350;180;1 010;980;1 160;950;740;360;440;310;880;74 340
mai-19;480;650;320;210;940;320;290;180;370;560;270;1 200;1 760;660;80;280;540;290;230;100;360;560;80;240;350;500;500;860;460;380;680;840;130;1 360;570;320;820;140;1 300;190;200;250;700;290;250;280;790;1 510;780;260;540;1 050;140;1 210;400;230;720;1 220;720;170;230;60;760;430;800;450;160;60;660;190;520;940;170;3 000;790;210;1 140;1 640;530;690;600;1 460;380;580;340;1 090;1 260;1 230;710;440;280;130;860;790;760;550;570;320;440;320;850;59 380
juin-19;500;620;350;120;890;230;340;220;290;490;220;1 120;1 440;740;80;270;470;240;160;90;490;480;50;220;360;390;530;890;470;260;680;850;140;1 500;580;350;730;130;1 570;200;240;190;560;220;120;200;860;1 340;830;180;580;1 020;200;1 760;360;340;770;1 110;670;110;360;30;690;410;680;500;220;120;700;170;590;1 230;130;3 020;780;220;1 320;1 840;470;570;530;1 520;390;540;320;920;1 210;1 280;850;380;250;170;770;930;950;530;410;270;500;200;720;59 030
juil-19;230;560;140;70;400;110;100;80;130;280;110;530;1 020;390;40;120;310;110;110;30;220;600;30;170;280;220;300;630;380;230;870;510;80;980;660;180;350;70;930;120;100;170;240;170;70;110;660;830;890;170;300;440;110;2 100;270;150;530;730;360;70;180;40;490;260;320;390;130;160;420;120;500;520;80;2 180;460;140;1 020;1 340;330;390;330;900;270;420;170;680;890;910;490;260;190;90;750;570;340;240;320;200;260;130;590;39 560
août-19;160;410;80;90;210;90;110;60;90;200;110;370;580;200;40;100;170;80;40;10;160;80;40;120;120;160;170;360;190;150;270;250;60;600;320;130;290;30;550;70;90;90;160;120;40;100;350;450;310;90;180;430;50;1 560;200;110;260;540;410;60;140;20;270;170;200;240;100;250;300;80;160;410;40;1 700;480;110;570;1 100;170;350;180;600;150;310;140;390;520;550;430;180;130;20;320;320;190;140;220;160;130;80;340;25 200
sept-19;1 000;1 160;680;280;1 750;600;830;500;980;1 090;630;2 750;3 890;1 560;250;730;1 430;760;500;150;1 260;1 760;260;920;1 020;1 340;1 260;2 090;1 260;1 060;2 500;2 140;320;3 970;1 200;400;1 780;290;3 540;600;470;750;1 170;940;330;610;1 780;3 820;3 070;550;1 690;1 960;580;2 260;920;740;1 830;3 810;1 640;430;780;210;2 210;910;1 540;1 110;830;130;1 830;580;1 840;2 690;420;6 310;1 450;640;3 030;3 370;1 260;1 690;1 460;3 520;1 220;1 560;700;2 390;3 050;2 970;1 320;1 080;670;390;2 030;2 000;1 970;1 110;1 760;1 130;1 160;650;1 960;146 710
oct-19;610;790;470;270;1 270;510;490;220;640;700;330;1 930;3 000;850;120;400;850;490;300;190;740;1 060;160;360;800;750;780;1 400;750;530;1 600;1 250;210;2 840;1 100;380;1 230;250;2 170;360;280;420;780;570;240;340;1 400;2 340;1 840;390;950;1 620;340;1 100;800;420;1 250;1 870;1 170;220;500;80;1 200;610;1 130;640;280;110;1 250;290;1 290;2 020;200;4 420;890;280;2 260;2 460;760;1 400;740;2 160;700;890;480;1 630;1 930;2 220;940;690;460;210;1 560;1 520;1 440;1 040;800;500;610;380;1 340;95 770
nov-19;810;870;390;260;1 570;410;340;220;510;570;300;1 310;2 820;790;140;310;850;260;350;280;440;830;130;400;550;580;660;1 420;690;550;1 180;1 120;240;2 120;880;340;1 010;360;2 180;270;310;280;950;510;410;390;1 210;1 930;1 310;280;770;1 380;290;1 320;530;340;840;1 620;750;220;470;50;1 010;440;920;700;250;170;1 090;210;1 010;1 370;210;4 720;1 000;310;1 880;2 600;660;910;790;2 090;600;780;620;1 600;1 530;1 800;910;620;370;140;1 410;1 410;1 470;890;630;540;580;360;1 350;85 380
déc-19;580;1 040;240;150;1 190;240;320;200;390;470;260;1 020;2 100;520;60;240;460;180;150;170;370;570;60;260;310;280;510;1 060;390;350;670;770;130;1 250;530;240;650;200;1 550;120;200;210;420;200;150;270;870;1 280;780;180;520;750;180;1 730;380;180;780;920;460;160;280;50;620;300;610;470;180;200;690;90;610;1 160;100;3 980;1 140;130;1 480;2 540;450;630;770;1 470;330;480;350;1 190;1 080;1 830;920;360;270;60;1 210;1 080;1 160;660;350;380;260;230;1 000;61 940
janv-20;660;500;330;190;1 030;430;410;170;500;510;290;1 510;2 590;1 150;60;360;820;340;340;140;620;850;140;300;540;500;770;1 000;560;400;1 080;1 040;210;2 120;260;240;1 000;180;1 890;210;230;280;720;400;160;230;1 160;1 740;1 270;240;680;1 170;200;840;480;310;840;1 510;900;190;360;40;700;560;690;670;240;30;750;170;950;1 200;160;3 110;800;390;2 020;1 680;600;940;780;2 120;540;690;400;1 280;1 610;1 770;720;550;310;130;1 060;1 140;1 120;830;700;530;360;360;1 090;73 900
févr-20;620;630;260;170;1 050;320;400;230;410;560;220;1 390;2 390;670;90;280;640;350;240;110;530;690;90;230;430;480;660;950;470;480;850;890;160;1 620;370;320;910;250;2 010;270;250;320;550;370;90;370;1 080;1 560;1 080;260;610;1 150;210;1 300;470;310;730;1 120;660;230;300;40;700;430;800;690;300;100;820;300;790;1 210;260;3 350;680;250;1 560;1 610;540;730;740;1 890;500;640;300;1 030;1 280;1 460;720;560;350;190;1 000;1 050;1 270;750;450;420;530;370;960;68 280
mars-20;430;460;180;140;1 030;270;330;180;390;350;200;1 010;1 840;380;50;190;360;240;260;110;400;480;60;180;250;500;460;770;430;300;690;760;90;1 270;320;260;580;120;1 420;150;190;150;480;210;140;220;900;1 240;790;150;620;920;200;950;290;220;530;850;490;150;160;60;570;190;610;480;190;20;680;140;490;840;150;2 530;450;120;1 420;1 190;410;490;480;1 290;360;450;280;950;830;1 300;540;430;260;180;770;800;1 000;580;400;200;370;170;770;51 120
avr-20;100;70;40;50;350;50;60;50;80;120;50;350;690;110;30;30;160;50;40;10;80;70;10;40;60;60;100;310;90;50;210;190;40;410;130;20;210;50;530;30;10;20;160;70;60;50;430;430;230;50;140;190;60;320;90;50;150;340;150;50;50;10;140;60;120;110;60;0;180;40;130;160;40;570;160;30;740;220;90;160;140;480;70;90;70;330;190;540;70;120;80;10;360;390;400;210;130;40;40;50;360;15 450
mai-20;190;250;140;80;650;110;80;60;120;190;100;630;1 190;250;20;90;230;110;70;80;200;310;40;80;150;210;210;500;280;160;380;470;80;910;210;80;320;100;900;80;60;100;270;140;110;90;660;860;540;90;240;370;80;460;150;100;260;520;250;60;140;40;300;150;210;160;80;50;310;100;290;550;100;1 190;310;70;940;560;220;340;320;780;210;190;150;580;530;880;250;260;160;50;490;590;660;380;330;160;240;90;520;29 680
juin-20;570;1 020;360;200;1 370;320;390;190;350;490;300;1 350;3 190;810;90;300;690;340;230;140;510;540;110;260;420;540;680;1 410;690;450;1 000;1 020;150;2 000;500;360;920;140;1 850;190;260;340;610;370;210;310;1 550;1 910;1 020;250;700;1 190;230;1 780;470;340;930;1 290;900;120;340;60;830;460;690;810;240;150;910;250;790;1 270;220;4 020;1 050;250;2 270;2 210;610;860;760;2 170;560;650;430;1 520;1 410;2 310;670;500;360;180;1 520;1 560;1 320;950;540;430;540;410;1 230;79 490
juil-20;420;560;260;110;1 100;190;220;90;290;310;180;830;2 370;480;60;320;530;220;170;60;400;370;50;220;330;310;440;1 180;430;360;610;680;100;1 340;520;100;630;70;1 370;140;120;180;390;240;110;210;1 310;1 330;940;160;380;790;120;1 770;320;200;580;970;450;80;240;40;580;310;490;610;170;240;600;130;530;720;130;2 940;750;170;2 140;1 540;410;580;420;1 760;380;430;440;1 190;980;2 140;710;280;230;120;1 200;1 180;790;580;380;330;290;230;1 080;57 510
août-20;310;530;210;100;680;220;190;170;190;300;170;800;1 710;430;90;360;570;180;210;40;340;480;130;340;440;310;430;1 000;470;370;590;590;110;1 300;590;170;640;50;1 210;120;120;160;490;400;100;210;1 020;1 040;870;150;430;860;130;1 950;440;280;750;890;670;110;260;20;500;260;440;480;160;210;550;120;500;900;130;2 910;740;140;1 710;1 690;360;630;340;1 290;340;430;260;1 120;980;1 810;560;300;220;150;1 080;1 030;570;460;420;380;260;220;1 000;54 090
sept-20;1 370;1 480;570;510;2 960;720;770;450;1 000;1 100;610;2 900;6 300;1 720;190;840;1 420;650;580;320;1 310;1 520;240;800;900;1 410;1 270;2 780;1 380;960;2 710;2 140;380;4 230;1 210;430;1 810;350;4 330;530;590;660;1 440;980;400;560;2 900;4 010;3 210;550;1 550;2 670;500;3 020;940;790;1 800;3 750;1 710;470;770;190;2 140;1 010;1 800;1 130;690;170;1 900;500;2 040;2 540;400;7 430;1 910;660;4 760;3 730;1 190;1 810;1 330;4 790;1 240;1 260;940;3 180;3 320;4 370;1 450;1 020;720;390;2 930;3 120;2 840;1 720;1 450;1 000;1 020;690;2 640;167 760
oct-20;1 120;1 260;500;390;2 580;560;410;280;590;820;450;1 930;4 800;1 220;230;500;1 110;510;310;260;950;1 080;150;520;650;930;1 060;2 280;960;740;1 660;1 520;260;3 410;950;470;1 380;350;3 150;500;250;390;1 220;630;360;430;2 680;3 090;2 150;410;1 120;2 200;400;2 550;840;510;1 410;2 430;1 260;230;470;80;1 360;560;1 280;1 120;430;120;1 230;340;1 370;1 650;290;5 650;1 480;350;4 350;2 640;990;1 460;1 220;3 570;870;1 020;820;2 690;2 670;3 870;1 250;800;430;290;2 470;2 760;2 300;1 390;1 160;690;730;490;2 210;128 260
nov-20;1 090;1 140;420;390;2 750;620;550;320;620;730;410;2 020;4 780;970;170;570;1 130;350;360;350;730;980;140;520;600;870;1 110;2 490;940;660;1 590;1 530;240;2 890;1 030;490;1 330;320;2 970;440;310;390;1 510;570;400;480;2 920;2 870;1 930;310;940;2 120;360;2 090;810;500;1 520;2 310;1 070;260;550;120;1 550;530;1 270;1 080;430;370;1 350;260;1 450;1 670;280;5 740;1 710;340;4 200;2 580;1 000;1 120;1 280;3 800;830;910;900;2 600;2 100;3 870;1 230;660;520;210;2 640;2 640;2 520;1 570;1 050;640;660;550;2 500;126 490
déc-20;730;1 120;350;260;2 090;340;300;220;380;600;320;1 420;3 300;720;100;320;720;290;240;210;580;610;60;400;400;420;770;2 030;640;530;970;1 140;190;2 180;950;310;940;220;2 400;240;150;230;860;370;220;340;2 340;2 170;1 270;310;660;1 480;210;1 830;600;360;1 040;1 660;840;190;460;60;1 070;400;810;760;260;350;880;210;770;1 050;190;5 120;1 490;190;3 390;2 740;580;810;820;2 580;510;590;570;2 310;1 620;3 480;1 200;550;370;160;2 330;2 140;1 890;1 140;610;450;420;330;1 980;94 720
janv-21;940;880;440;360;2 140;590;390;260;470;600;390;1 550;4 150;1 120;140;560;1 090;410;320;230;940;900;130;440;550;760;920;2 050;850;650;1 400;1 350;250;2 950;560;380;1 050;360;2 850;280;250;470;1 210;610;300;370;2 420;2 600;1 780;350;1 000;1 810;370;1 320;730;450;1 060;2 110;1 100;200;430;90;1 160;660;1 000;890;370;80;880;170;1 120;1 220;240;4 770;1 340;330;3 790;2 290;820;1 130;1 070;3 280;930;850;600;2 140;2 180;3 230;1 020;770;460;230;2 070;2 260;2 070;1 200;900;500;450;570;2 030;108 750
févr-21;990;1 000;380;280;2 220;530;420;240;540;660;310;1 630;4 200;1 090;140;470;930;370;280;200;660;950;120;370;550;730;800;2 020;810;570;1 470;1 190;230;2 530;590;420;1 160;260;2 700;320;280;380;1 190;410;250;380;2 270;2 450;1 650;360;910;1 720;270;1 950;730;390;1 150;1 990;1 040;270;440;70;1 080;530;930;660;450;10;850;280;1 130;1 310;280;4 860;1 300;320;3 380;2 310;820;1 090;910;3 130;790;760;610;2 130;2 140;3 250;1 050;580;530;190;2 180;2 050;2 020;1 340;880;610;540;470;1 930;105 510
mars-21;1 290;1 480;610;380;2 810;670;580;380;850;920;560;2 280;5 050;1 340;230;620;1 220;470;420;370;950;1 150;180;660;680;950;1 120;2 680;1 120;750;1 620;1 660;280;3 490;770;430;1 510;300;3 700;360;390;460;1 590;690;260;530;2 960;3 050;2 170;380;990;2 280;360;2 800;910;450;1 530;2 710;1 240;320;580;100;1 540;780;1 390;1 020;430;150;1 410;380;1 520;2 010;350;6 670;1 930;390;4 450;3 270;1 080;1 410;1 380;3 960;850;1 180;840;2 950;2 640;4 250;1 480;890;570;290;2 870;2 730;2 480;1 580;1 170;740;770;640;2 620;140 630
avr-21;970;920;490;360;2 270;560;350;250;630;650;270;1 670;4 040;1 050;110;410;1 000;440;350;190;700;830;110;460;550;830;830;2 360;900;710;1 340;1 260;210;2 770;650;430;1 120;230;2 630;290;300;390;1 200;570;330;400;2 530;2 460;1 720;460;1 050;1 840;280;2 110;690;390;1 160;2 070;1 110;220;530;60;1 160;560;1 070;860;350;180;1 010;300;1 030;1 540;210;4 190;1 350;310;3 810;2 220;880;1 070;1 170;3 300;710;840;760;2 480;2 050;3 830;1 100;640;510;210;2 440;2 480;1 980;1 300;900;590;570;440;2 140;110 550
mai-21;1 060;1 030;440;290;2 340;420;450;280;520;770;390;1 890;4 240;1 170;170;510;950;540;320;170;800;820;130;400;590;750;840;2 390;870;620;1 380;1 330;260;2 930;700;350;1 120;240;2 830;320;260;360;1 230;430;310;400;2 600;2 850;1 740;410;1 110;1 880;310;2 370;760;490;1 200;2 060;1 170;240;490;100;1 360;600;1 150;900;440;190;1 060;330;1 080;1 540;300;4 620;1 470;300;4 180;2 370;1 010;1 110;1 170;3 290;760;900;660;2 640;1 960;3 950;1 140;660;450;230;2 680;2 480;1 920;1 400;890;530;660;550;2 290;115 540
juin-21;720;1 130;420;280;1 650;380;460;210;360;540;270;1 500;3 510;1 010;110;420;790;290;270;110;640;620;110;360;400;650;740;1 940;860;470;1 020;1 040;200;2 250;750;350;1 010;140;2 350;220;150;330;920;410;230;360;2 290;2 110;1 470;280;750;1 490;220;2 090;560;340;970;1 630;900;170;370;60;1 100;480;760;990;330;280;880;310;870;1 200;230;4 590;1 280;310;3 120;2 280;740;930;810;2 780;630;700;600;2 030;1 950;3 240;1 110;560;420;220;2 030;2 100;1 560;1 020;660;500;500;360;1 940;94 950
juil-21;610;870;260;190;1 500;260;270;140;360;430;210;1 190;3 020;650;100;290;620;290;210;80;480;360;80;270;350;500;520;1 900;620;430;600;940;140;1 820;680;300;720;140;1 820;170;140;250;690;240;100;250;2 150;1 790;1 090;240;600;1 130;220;2 160;410;260;700;1 340;780;130;330;60;850;360;630;610;270;200;610;180;560;860;160;3 640;1 220;210;2 990;1 910;500;640;610;2 480;510;590;400;1 960;1 550;3 410;810;420;300;150;2 040;2 050;1 180;810;480;340;330;300;1 800;78 310
août-21;480;700;270;120;990;290;240;140;250;330;210;910;2 150;650;90;380;670;270;190;50;500;620;70;330;340;500;490;1 390;520;370;650;800;130;1 570;350;330;670;90;1 490;190;110;230;690;330;100;220;1 460;1 400;960;200;520;1 140;250;2 310;470;270;750;1 050;770;120;220;50;720;330;560;420;240;310;600;110;560;1 030;150;3 150;770;180;2 290;1 700;430;660;450;1 930;570;520;300;1 550;1 530;2 470;660;330;280;140;1 550;1 500;740;600;470;430;390;330;1 320;66 600
sept-21;1 460;1 430;730;450;3 120;860;690;500;910;1 240;590;2 840;6 640;1 810;200;820;1 530;740;560;260;1 370;1 770;300;800;1 060;1 440;1 370;3 420;1 550;1 040;2 830;2 130;420;4 660;740;650;1 950;350;4 770;470;490;600;1 710;1 090;450;800;3 780;4 120;3 720;620;1 930;2 810;540;3 200;1 130;790;2 280;3 960;1 890;430;850;160;2 280;940;1 740;1 080;850;370;1 890;510;2 300;2 390;420;8 680;2 120;630;5 270;4 460;1 390;1 750;1 640;5 310;1 220;1 450;910;3 700;3 610;5 160;1 670;1 060;750;440;3 580;3 560;3 000;1 730;1 650;1 220;840;730;3 390;183 430
oct-21;1 130;1 300;470;450;2 740;680;440;320;550;910;440;2 100;5 780;1 280;150;620;1 160;560;370;310;1 040;1 210;130;570;660;1 060;1 070;2 910;1 120;650;1 930;1 710;280;3 410;1 070;690;1 480;300;3 570;450;320;580;1 320;630;320;490;3 310;3 350;2 410;440;1 200;2 250;530;2 420;870;540;1 510;2 740;1 300;240;630;100;1 670;720;1 320;900;470;150;1 310;340;1 440;1 580;300;6 690;1 810;410;4 870;3 400;910;1 530;1 520;3 680;1 050;1 100;880;3 110;2 880;4 880;1 390;890;520;330;3 120;2 950;2 540;1 750;1 250;700;690;580;2 780;142 870
nov-21;1 180;1 370;480;390;3 070;640;460;370;710;970;480;2 320;5 290;1 300;160;630;1 170;410;390;370;970;1 060;160;550;730;1 030;960;3 050;1 120;700;1 790;1 720;320;3 260;980;630;1 550;390;3 440;360;320;460;1 360;570;380;490;3 260;3 270;2 170;360;1 240;2 030;440;2 550;890;620;1 690;2 570;1 250;290;570;90;1 810;650;1 220;710;420;250;1 200;340;1 470;1 610;300;6 530;1 930;420;4 830;3 240;1 020;1 250;1 540;3 830;990;1 150;910;3 260;2 620;4 900;1 270;800;590;270;3 140;3 160;2 760;1 670;1 250;670;700;640;2 900;142 010
déc-21;880;1 470;320;310;2 380;420;340;200;440;720;310;1 660;4 540;910;120;450;740;320;250;290;680;770;90;420;460;750;750;2 400;910;560;1 100;1 440;240;2 460;1 030;500;980;290;2 790;270;250;340;860;390;220;410;3 030;2 600;1 640;280;940;1 570;310;1 920;610;360;1 230;1 970;980;260;400;70;1 270;430;960;620;380;350;980;280;960;1 300;200;5 940;1 560;250;4 050;3 140;670;960;1 350;2 830;640;780;540;2 670;1 890;4 080;1 240;670;590;190;2 880;2 660;2 310;1 250;820;550;470;500;2 350;112 140
janv-22;870;880;420;370;2 350;570;410;240;550;740;380;1 700;4 870;1 230;150;620;1 200;510;400;270;830;1 080;110;490;720;890;860;2 200;980;650;1 600;1 320;280;3 210;670;550;1 160;320;2 610;320;270;410;1 080;560;260;420;2 540;2 550;1 860;370;1 050;1 790;350;1 260;950;430;1 160;2 290;1 210;260;670;70;1 350;720;940;930;440;260;850;240;1 220;1 220;230;5 400;1 410;380;3 740;2 620;860;1 320;1 150;3 280;890;1 040;540;2 500;2 490;3 740;1 140;770;510;280;2 500;2 360;2 100;1 300;1 150;730;440;490;2 340;117 200
févr-22;830;1 050;410;330;2 250;510;400;250;560;650;340;1 530;4 500;1 110;110;470;970;510;280;230;720;910;140;540;570;820;800;2 120;880;500;1 370;1 340;240;2 480;630;410;1 280;230;2 520;340;270;410;930;430;240;370;2 160;2 350;1 660;310;950;1 550;300;1 770;730;440;1 280;1 950;990;240;540;90;1 090;610;930;690;350;270;920;340;1 080;1 310;270;5 020;1 360;370;3 320;2 550;790;1 120;1 140;3 050;800;970;500;2 140;2 240;3 320;1 070;560;410;200;2 290;2 080;2 150;1 360;940;620;670;510;2 010;107 470
mars-22;1 040;1 300;500;350;2 470;550;410;360;680;760;440;1 860;4 730;1 170;130;520;1 120;480;450;330;780;1 040;130;460;580;810;900;2 310;960;530;1 640;1 460;270;2 850;740;520;1 300;320;3 140;370;340;390;1 150;560;260;390;2 490;2 590;1 860;400;960;1 920;370;2 450;900;530;1 380;2 160;1 140;270;520;110;1 380;660;1 200;840;440;290;1 170;310;1 250;1 680;300;5 830;1 560;430;3 740;3 020;800;1 090;1 210;3 250;860;960;580;2 580;2 520;3 930;1 460;720;510;270;2 680;2 500;2 420;1 460;1 030;660;600;560;2 290;122 900
avr-22;870;1 160;500;340;2 190;400;400;270;560;690;350;1 670;4 580;1 060;130;400;810;370;300;230;730;830;120;360;570;690;710;2 320;870;560;1 320;1 360;180;2 680;680;530;1 170;260;2 630;300;230;340;940;420;240;420;2 400;2 320;1 520;330;860;1 570;340;2 210;690;440;1 180;1 980;1 100;230;460;60;1 230;550;1 020;690;360;330;1 010;350;980;1 410;210;5 630;1 540;350;3 510;2 710;820;1 040;1 130;3 050;800;890;580;2 350;2 220;3 700;1 170;760;440;240;2 420;2 210;1 990;1 280;960;570;550;430;2 130;110 020
mai-22;870;1 220;490;300;2 290;470;440;310;540;730;360;1 890;4 360;930;140;500;980;460;310;160;740;930;140;450;460;750;850;2 460;910;590;1 220;1 290;220;2 650;880;490;1 300;230;2 710;280;250;340;1 080;510;340;370;2 510;2 550;1 640;320;910;1 780;380;2 500;760;400;1 280;1 840;1 050;230;530;50;1 160;570;990;780;380;330;1 040;260;1 090;1 490;260;5 600;1 440;370;3 680;2 980;870;1 060;1 150;3 180;800;850;680;2 460;2 090;4 050;1 110;640;460;240;2 540;2 560;1 910;1 290;860;590;600;470;2 250;114 010
juin-22;690;1 060;310;270;1 870;370;410;220;420;580;370;1 550;3 890;970;100;420;770;310;340;130;600;700;160;380;470;690;710;2 270;780;520;1 120;1 080;230;2 220;750;620;930;120;2 530;240;240;370;930;400;240;300;2 410;2 040;1 440;260;870;1 480;260;2 410;580;440;1 100;1 740;960;180;380;60;1 270;490;900;790;370;140;930;310;890;1 390;240;5 280;1 450;280;3 280;2 580;660;830;950;2 740;580;780;550;2 310;2 040;3 920;1 200;590;390;200;2 560;2 540;1 700;1 080;680;480;530;390;2 270;101 780
juil-22;530;640;240;160;1 310;210;310;140;360;350;180;1 010;2 610;630;90;300;520;200;150;70;410;390;60;250;320;440;410;1 560;510;380;540;770;140;1 630;550;440;690;100;1 660;170;110;220;600;280;160;170;1 670;1 330;960;160;470;980;240;2 010;470;250;750;1 130;660;110;280;40;720;340;620;580;190;320;620;130;510;800;130;3 390;920;220;2 440;1 630;430;600;610;2 140;500;510;320;1 610;1 380;2 770;730;350;250;140;1 600;1 690;960;650;380;310;340;290;1 420;67 920
août-22;470;590;230;140;960;260;280;170;220;420;200;940;2 140;540;70;300;590;200;150;60;450;580;100;330;350;560;430;1 450;470;420;680;680;150;1 580;570;360;610;70;1 380;180;120;220;480;330;140;200;1 440;1 300;1 210;190;550;1 110;200;2 220;420;270;690;1 100;710;110;320;40;710;360;530;470;220;200;670;130;700;940;140;3 220;730;210;2 180;1 510;460;580;570;1 960;450;520;310;1 580;1 270;2 630;540;400;260;150;1 510;1 540;780;530;510;440;350;300;1 350;65 580
sept-22;1 460;1 610;780;480;2 840;770;800;480;1 010;1 250;730;3 140;6 750;1 840;280;900;1 590;730;620;280;1 350;1 810;280;780;1 050;1 400;1 400;3 290;1 620;1 050;2 680;2 310;440;4 580;1 230;830;1 800;310;4 630;550;540;700;1 720;980;430;790;3 670;4 410;3 270;670;1 890;2 710;570;3 370;1 060;870;1 930;3 690;2 060;460;890;170;2 370;1 070;1 880;1 160;790;270;1 820;540;2 120;2 520;430;9 070;2 280;630;5 420;4 210;1 350;1 680;1 860;5 070;1 460;1 510;1 040;3 760;3 800;5 440;1 750;1 210;730;410;3 610;3 570;2 810;1 920;1 670;1 080;990;690;3 300;185 820
oct-22;1 250;1 400;600;440;2 760;790;710;420;950;1 000;520;2 330;5 680;1 400;230;680;1 270;560;370;300;1 060;1 250;140;610;710;950;1 240;3 020;1 260;620;2 190;1 890;290;3 590;990;700;1 570;320;3 370;450;300;520;1 460;680;470;480;3 140;3 550;2 560;410;1 340;2 420;470;3 050;910;600;1 900;2 750;1 410;300;660;120;1 700;820;1 450;1 110;450;370;1 500;390;1 570;1 900;360;7 070;1 750;500;4 780;3 260;1 200;1 450;1 640;4 260;1 070;1 150;870;2 920;3 220;4 890;1 520;970;500;290;3 080;3 050;2 510;1 730;1 270;740;780;690;2 880;151 010
nov-22;970;1 170;510;330;2 240;610;400;270;590;710;430;1 890;4 550;1 060;180;480;1 070;430;300;330;750;1 040;140;440;650;650;1 000;2 290;900;610;1 540;1 430;230;2 470;1 060;570;1 170;360;2 680;280;290;380;1 040;490;270;400;2 630;2 600;1 840;350;910;1 820;320;2 830;730;470;1 430;1 760;940;280;470;90;1 380;590;970;700;380;240;970;300;1 280;1 500;180;5 260;1 420;370;3 600;2 620;940;940;1 350;3 080;780;690;760;2 260;2 320;3 510;990;660;530;250;2 440;2 380;1 910;1 360;910;550;550;360;2 300;114 650
déc-22;680;850;290;260;1 440;270;370;180;350;550;230;1 010;3 110;650;120;320;530;230;200;240;520;610;110;320;340;450;570;1 710;550;410;880;940;220;1 660;1 040;260;730;210;1 820;220;210;210;650;270;150;270;1 700;1 870;1 200;180;690;1 180;190;1 520;470;250;1 000;1 280;600;180;280;50;780;360;660;590;190;590;660;230;810;920;160;4 050;1 010;210;2 540;1 940;570;660;920;2 340;420;510;410;1 910;1 510;3 020;870;430;310;110;1 890;1 810;1 620;920;530;410;400;270;1 710;79 050
janv-23;760;900;440;240;1 800;500;440;230;550;570;280;1 450;3 850;980;100;550;1 010;500;330;230;630;900;150;420;760;620;700;2 060;830;550;1 330;1 090;220;2 720;510;310;1 100;250;2 010;250;250;330;740;460;210;280;2 300;1 980;1 750;300;900;1 400;260;1 160;780;440;1 080;1 630;1 060;150;460;80;990;570;840;750;310;140;830;230;1 120;1 130;260;4 880;1 160;270;3 390;2 430;730;1 140;890;2 600;760;710;450;2 280;1 990;3 190;1 100;610;420;190;2 240;2 030;1 860;1 100;820;580;450;330;2 000;98 910
févr-23;810;960;300;260;1 840;540;390;200;470;590;270;1 480;3 800;860;140;410;750;320;260;200;560;760;100;380;520;600;770;1 860;760;460;1 400;1 150;210;2 270;580;380;1 030;200;1 960;320;250;300;850;400;250;320;1 880;2 000;1 340;330;860;1 300;270;1 890;710;400;1 170;1 540;950;180;400;80;840;490;930;590;310;220;790;220;940;1 150;210;4 770;1 190;310;2 760;2 320;800;920;970;2 500;610;600;470;1 960;1 810;2 910;920;490;330;170;1 970;1 950;1 690;1 180;680;470;470;360;1 820;92 790
mars-23;800;1 010;390;370;2 050;480;410;250;580;700;290;1 820;3 970;930;110;510;990;380;260;260;640;870;120;450;600;690;780;2 140;870;600;1 280;1 280;220;2 530;800;460;1 230;280;2 450;280;330;320;890;480;230;370;2 150;2 090;1 550;310;850;1 430;310;2 190;750;430;1 250;1 760;920;190;420;90;1 010;600;940;630;330;180;1 250;370;1 150;1 460;270;5 550;1 370;300;3 070;2 740;730;1 050;940;2 560;720;750;500;2 230;2 010;3 290;1 080;590;400;200;2 170;2 150;2 060;1 360;810;490;520;380;2 040;104 680
avr-23;840;870;390;270;1 470;380;410;200;500;580;280;1 300;3 260;860;110;380;800;350;280;180;520;760;150;390;550;510;650;1 650;750;480;1 020;990;190;2 290;660;430;930;210;1 910;260;250;310;880;440;190;420;1 740;1 730;1 170;220;800;1 340;260;2 050;580;400;1 070;1 330;840;170;420;50;760;400;870;630;230;170;820;210;960;1 080;190;4 840;1 230;260;2 600;2 370;600;880;930;2 530;580;650;450;1 690;1 760;2 660;1 020;560;280;200;1 700;1 820;1 290;870;660;440;450;340;1 630;87 250
mai-23;650;1 020;330;240;1 350;310;400;180;470;510;260;1 470;3 340;780;120;400;770;360;240;130;480;690;80;400;410;550;670;1 780;590;480;1 040;880;170;2 080;580;430;930;170;1 910;200;210;240;790;320;260;250;1 870;1 660;1 250;250;720;1 140;210;1 880;530;280;1 130;1 330;900;140;360;50;750;520;680;640;250;150;830;200;810;1 200;170;5 080;1 190;270;2 700;2 380;650;880;720;2 100;540;600;490;1 980;1 630;3 050;960;470;300;150;1 850;1 950;1 440;850;570;410;490;390;1 710;85 580
juin-23;590;1 040;310;200;1 360;310;350;140;340;400;270;1 220;3 210;760;120;350;640;250;230;90;490;540;90;320;400;440;630;1 630;630;380;1 020;780;150;1 800;830;430;820;120;1 610;210;180;240;620;280;180;270;1 770;1 470;1 140;220;590;1 200;220;2 100;530;290;950;1 240;700;150;320;60;690;390;760;840;240;140;630;250;630;1 010;180;4 710;1 230;230;2 520;2 490;610;720;640;2 400;480;530;400;1 790;1 530;2 690;1 090;430;240;130;1 810;1 790;1 290;780;480;370;480;260;1 560;79 580
juil-23;410;460;230;110;790;200;230;110;220;320;120;770;2 040;540;60;280;390;190;150;90;280;380;70;200;310;300;390;1 200;410;250;460;570;100;1 310;620;420;480;100;1 190;120;100;140;470;330;100;150;1 410;950;710;140;370;790;150;1 450;350;170;610;890;630;90;230;20;460;230;440;700;180;130;450;140;430;650;130;2 640;680;150;2 030;1 380;340;510;460;1 570;370;340;250;1 310;1 130;2 150;530;290;200;100;1 420;1 390;820;450;330;260;290;220;1 090;53 690
août-23;360;460;190;130;720;240;260;130;220;310;180;680;1 800;490;70;300;540;150;170;60;370;430;80;260;300;420;380;1 190;340;350;540;530;110;1 410;300;240;620;70;1 140;150;90;190;430;320;90;160;1 110;920;800;120;400;850;150;1 950;380;170;580;970;490;90;330;40;590;230;500;330;240;100;590;150;580;740;90;2 310;590;120;1 730;1 150;360;580;390;1 470;370;430;230;1 150;910;1 950;530;270;170;110;1 220;1 270;890;380;430;410;340;280;1 040;52 440
sept-23;1 370;1 260;680;400;2 170;680;640;380;730;880;610;2 380;5 230;1 560;200;810;1 450;700;510;230;1 060;1 420;220;700;840;1 060;1 130;2 900;1 280;970;2 180;1 820;370;4 080;1 070;740;1 400;350;3 730;420;350;530;1 410;940;310;560;2 960;3 330;2 690;520;1 470;2 350;450;2 540;830;660;1 790;2 870;1 640;330;710;140;1 630;840;1 280;1 230;670;260;1 650;380;1 920;1 900;350;7 320;1 620;560;4 350;3 470;1 180;1 610;1 460;4 320;1 110;1 140;850;2 990;3 140;4 430;1 350;810;560;330;3 020;2 970;2 260;1 630;1 350;940;810;620;2 830;151 090
oct-23;1 030;1 230;570;410;2 280;760;560;260;560;740;330;1 920;5 010;1 160;210;650;1 170;570;350;300;820;1 090;190;510;660;800;1 040;2 460;900;560;1 860;1 540;220;3 180;1 080;800;1 220;350;2 850;450;320;450;1 170;600;390;400;2 780;2 840;2 220;400;1 220;1 910;460;2 560;860;530;1 800;2 070;1 160;230;560;80;1 250;610;1 100;1 280;360;260;1 160;290;1 360;1 520;250;5 890;1 560;370;4 190;2 900;1 070;1 300;1 340;3 560;930;860;790;2 510;2 540;4 070;1 190;740;440;270;2 740;2 550;2 220;1 300;970;560;610;570;2 520;127 620
nov-23;940;1 060;510;310;2 070;580;370;260;580;740;310;1 540;4 120;950;170;490;1 010;340;290;350;890;900;130;410;560;720;950;2 260;730;560;1 290;1 200;200;2 430;1 100;660;1 080;340;2 380;260;220;360;1 150;470;290;370;2 450;2 270;1 750;300;850;1 800;310;2 250;660;340;1 420;1 880;910;240;450;80;1 180;540;810;1 480;340;310;880;290;990;1 260;300;5 440;1 140;330;3 690;2 500;920;1 010;1 050;3 390;700;820;700;2 340;1 970;3 600;920;630;350;160;2 430;2 290;1 870;1 210;840;440;530;450;2 360;109 270
déc-23;840;680;360;160;1 430;360;310;130;340;600;280;1 170;3 090;840;160;250;640;230;190;170;510;610;90;230;340;460;690;1 580;470;470;830;990;210;1 920;750;530;680;200;1 690;290;170;200;810;300;140;240;1 790;1 910;1 290;200;620;1 260;180;1 440;460;250;1 180;1 510;610;200;260;40;760;380;690;810;320;200;610;180;700;800;160;3 670;870;280;2 840;1 950;680;690;930;2 670;480;540;500;1 610;1 490;3 270;630;420;320;140;1 900;1 900;1 430;800;550;360;310;360;1 700;79 680
janv-24;520;630;300;260;1 610;350;390;180;380;580;240;1 200;3 300;880;110;470;1 030;410;290;250;490;810;120;430;520;540;510;1 880;760;570;1 290;1 060;180;2 660;360;330;830;300;2 000;200;180;240;550;400;250;270;2 120;1 970;1 730;280;860;1 110;250;1 110;740;390;850;1 540;1 050;160;480;70;880;500;720;730;310;60;670;200;970;1 030;180;3 410;1 040;270;3 250;1 960;620;1 120;890;2 020;570;590;330;2 120;1 720;3 170;890;620;480;160;2 040;2 010;1 610;1 060;740;530;320;360;1 940;87 840
févr-24;710;820;250;300;1 810;310;400;240;430;720;340;1 410;3 310;870;100;430;820;370;280;240;580;750;120;390;500;560;570;2 090;690;510;1 150;1 100;200;2 240;420;230;770;260;2 290;210;190;270;680;480;170;240;2 100;2 170;1 530;310;890;1 210;290;1 750;710;380;920;1 470;1 020;230;370;60;780;510;730;540;310;110;760;240;1 000;990;190;4 260;1 020;260;3 000;2 200;580;910;1 100;2 130;670;670;390;2 070;1 690;3 220;910;510;320;210;2 170;2 140;1 760;970;790;460;400;390;1 870;90 430
mars-24;740;930;390;290;1 920;430;370;210;490;690;370;1 470;3 780;930;110;570;1 140;400;300;250;680;800;120;420;550;600;760;2 030;840;560;1 190;1 210;250;2 810;670;400;1 170;240;2 320;230;260;250;810;480;260;360;2 280;2 240;1 620;290;800;1 390;260;1 980;710;380;1 080;1 630;1 010;220;560;80;910;590;890;690;290;210;800;240;1 060;1 110;240;5 390;1 260;340;3 430;2 430;620;1 100;1 140;2 530;700;540;560;2 150;1 960;3 390;980;570;440;200;2 260;2 150;1 900;1 070;720;570;460;430;2 020;100 820
avr-24;760;920;350;290;1 740;360;340;250;430;770;330;1 630;3 930;840;130;510;1 000;420;370;280;690;820;190;410;520;680;680;2 290;770;670;1 020;1 280;250;2 580;520;610;910;240;2 460;250;220;350;870;520;280;350;2 360;2 380;1 510;320;950;1 370;250;2 130;650;430;1 170;1 720;1 010;180;460;50;940;510;920;700;360;110;820;260;980;1 150;200;4 850;1 380;310;3 590;2 380;700;1 100;1 080;2 490;680;680;430;2 350;1 780;3 720;1 100;630;430;230;2 260;2 480;1 730;1 060;780;520;460;440;2 050;101 640
mai-24;550;730;310;200;1 380;360;360;200;380;570;260;1 280;3 160;720;110;380;670;340;230;130;520;650;60;310;470;500;550;1 970;670;480;960;940;130;2 220;530;260;910;180;2 080;180;200;230;650;360;200;240;2 300;1 690;1 300;240;690;1 080;240;1 930;600;320;910;1 400;890;180;360;40;770;490;740;480;250;130;710;180;720;990;190;4 240;1 070;240;3 170;2 150;530;860;780;2 270;600;530;400;2 090;1 620;3 650;970;460;350;170;2 200;2 180;1 360;810;610;400;370;360;1 840;84 850
juin-24;490;910;310;180;1 180;220;270;140;320;440;230;990;2 760;720;80;330;670;270;220;100;450;500;70;340;370;470;490;1 870;580;410;810;780;130;1 880;590;180;690;120;1 800;150;140;230;630;350;110;240;1 870;1 550;1 180;220;650;1 000;180;1 930;500;350;670;1 130;700;110;310;50;610;400;650;470;230;130;620;170;610;840;170;4 370;1 150;210;2 610;2 270;500;700;670;1 780;460;520;390;1 790;1 460;3 370;900;380;270;130;1 700;1 770;1 170;750;480;480;360;360;1 790;75 270
Total;70 090;85 480;41 790;25 640;156 590;42 950;41 360;24 540;49 990;64 030;32 940;143 860;323 750;93 950;13 160;42 420;80 910;37 150;27 950;18 320;61 000;81 240;12 670;40 240;52 230;66 480;75 530;155 380;74 580;51 940;120 940;118 260;21 580;222 500;66 550;34 370;102 490;20 390;219 390;28 680;25 360;31 740;83 670;44 580;22 570;34 910;165 310;209 830;145 550;30 140;82 500;141 990;28 620;173 560;57 830;38 920;107 340;168 120;89 840;21 390;41 140;7 630;104 630;54 240;86 350;71 690;32 140;16 950;89 590;24 910;98 430;126 340;21 870;436 720;109 250;32 880;250 940;227 190;75 650;94 540;88 740;239 540;63 170;73 030;50 860;169 650;183 370;255 090;89 660;59 040;41 270;19 950;166 200;162 080;151 570;96 090;75 400;50 900;50 190;39 200;151 300;9 026 430
Les données présentées dans ce tableau sont arrondies à la dizaine.Pour cette raison, la somme des valeurs d’une ligne(ou d’une colonne) peut légèrement différer du total affiché.;;;;;;;;;;;;;;;;;;;;;;;;;;;;;;;;;;;;;;;;;;;;;;;;;;;;;;;;;;;;;;;;;;;;;;;;;;;;;;;;;;;;;;;;;;;;;;;;;;;;;;
